Type,Side1,Unum1,Time1,Mode1,X1,Y1,Side2,Unum2,Time2,X2,Y2,Success
Pass,left,11,3,kick_off_l,0,0,left,6,6,-5.478,0.591,true
Pass,left,6,7,play_on,-5.5267,2.0135,left,8,13,0.704,10.9063,true
Dribble,left,8,13,play_on,0.704,10.9063,left,8,19,3.5744,8.9807,true
Dribble,left,8,19,play_on,3.5744,8.9807,left,8,24,6.1538,8.7127,true
Pass,left,8,27,play_on,5.4548,7.992,left,6,34,-0.1947,5.1239,true
Pass,left,6,35,play_on,0.2245,5.4698,left,8,41,2.8601,12.198,true
Dribble,left,8,41,play_on,2.8601,12.198,left,8,47,5.7499,10.5399,true
Pass,left,8,48,play_on,6.262,11.6199,left,10,57,15.6463,26.4297,true
Pass,left,10,58,play_on,15.7811,26.1358,left,8,63,9.2401,16.7788,true
Dribble,left,8,65,play_on,10.0073,16.7047,left,8,69,9.7433,14.8513,true
MultiTouch,left,8,69,play_on,9.7433,14.8513,neutral,-1,73,10.6491,12.9083,false
Pass,right,3,77,play_on,2.7608,7.4244,right,10,83,-1.6798,-6.2708,true
Dribble,right,10,85,play_on,-2.6891,-6.7321,right,10,89,-4.0614,-5.6696,true
Dribble,right,10,89,play_on,-4.0614,-5.6696,right,10,91,-5.0586,-4.9618,true
Dribble,right,10,92,play_on,-5.5479,-4.7791,right,10,94,-6.3838,-4.4092,true
Dribble,right,10,94,play_on,-6.3838,-4.4092,right,10,98,-7.7825,-4.5121,true
Dribble,right,10,98,play_on,-7.7825,-4.5121,right,10,101,-9.0839,-4.1385,true
Dribble,right,10,102,play_on,-9.3673,-5.5298,right,10,108,-11.9558,-5.5763,true
Pass,right,10,108,play_on,-11.9558,-5.5763,right,3,112,-14.5205,-5.6312,true
Dribble,right,3,114,play_on,-16.07,-6.3276,right,3,117,-16.3282,-6.2667,true
Dribble,right,3,117,play_on,-16.3282,-6.2667,right,3,126,-22.3538,-9.6184,true
Dribble,right,3,126,play_on,-22.3538,-9.6184,right,3,131,-26.6178,-11.6198,true
Pass,right,3,133,play_on,-26.9847,-11.4019,right,10,135,-24.3521,-10.1648,true
MultiTouch,right,10,137,play_on,-23.5526,-9.0461,neutral,-1,138,-23.4235,-9.1253,false
Dribble,right,9,147,play_on,-13.8043,-1.4727,right,9,152,-16.2212,-1.4251,true
Dribble,right,9,152,play_on,-16.2212,-1.4251,right,9,159,-21.7049,-1.5333,true
Dribble,right,9,159,play_on,-21.7049,-1.5333,right,9,161,-23.701,-1.4733,true
Pass,right,9,162,play_on,-23.327,-0.2222,right,6,167,-20.3775,10.7107,true
Dribble,right,6,167,play_on,-20.3775,10.7107,right,6,170,-22.2282,10.4155,true
Dribble,right,6,170,play_on,-22.2282,10.4155,right,6,175,-23.88,10.5006,true
Dribble,right,6,175,play_on,-23.88,10.5006,right,6,177,-25.8785,9.9672,true
Pass,right,6,179,play_on,-25.4622,9.1004,right,9,180,-24.2889,7.5811,true
Pass,right,9,180,play_on,-24.2889,7.5811,right,6,181,-25.5676,9.2764,true
Pass,right,6,182,play_on,-25.5298,8.9829,right,9,183,-24.7094,8.1478,true
Pass,right,9,186,play_on,-24.6551,7.3738,right,3,187,-24.0823,5.013,true
Dribble,right,3,188,play_on,-24.7756,4.4687,right,3,190,-26.2149,5.431,true
Pass,right,3,193,play_on,-25.114,6.2788,right,9,194,-23.7934,7.3661,true
Pass,right,9,194,play_on,-23.7934,7.3661,right,11,198,-25.6896,-1.4063,true
Pass,right,11,200,play_on,-26.2631,-1.1235,right,10,203,-25.5665,-1.0788,true
Pass,right,10,205,play_on,-25.9389,-1.3191,right,3,206,-26.6348,0.4422,true
Pass,right,3,207,play_on,-26.9116,1.2354,right,10,208,-25.6748,-0.388,true
Pass,right,10,208,play_on,-25.6748,-0.388,right,7,210,-22.5768,1.4729,true
Dribble,right,7,211,play_on,-22.7764,2.0505,right,7,215,-25.5582,1.0704,true
Pass,right,7,216,play_on,-25.7431,0.4402,right,11,220,-27.4348,-7.875,true
Pass,right,11,220,play_on,-27.4348,-7.875,right,8,223,-29.1539,-13.0851,true
Dribble,right,8,223,play_on,-29.1539,-13.0851,right,8,226,-30.5887,-13.9101,true
Dribble,right,8,227,play_on,-30.9682,-13.8447,right,8,231,-32.2165,-14.7603,true
Interception,right,8,234,play_on,-32.556,-16.3122,left,4,237,-38.078,-14.9929,true
Pass,left,4,239,play_on,-38.1367,-14.9984,left,7,242,-36.505,-10.1296,true
Interception,left,7,246,play_on,-36.1085,-10.1222,right,5,249,-30.4295,-13.7074,true
Pass,right,5,250,play_on,-30.4687,-13.8794,right,11,253,-34.2099,-9.5671,true
Dribble,right,11,254,play_on,-34.0429,-8.8644,right,11,257,-33.6572,-8.746,true
Pass,right,11,258,play_on,-34.6487,-8.8724,right,8,262,-38.0174,-17.317,true
Dribble,right,8,264,play_on,-38.7498,-16.6073,right,8,270,-40.0235,-15.5085,true
Pass,right,8,271,play_on,-39.0887,-14.2138,right,10,275,-37.9792,-3.297,true
Pass,right,10,277,play_on,-38.7236,-2.1604,right,7,280,-34.4142,0.8353,true
Pass,right,7,281,play_on,-34.5302,2.1137,right,6,285,-40.7439,9.1141,true
Shoot,right,6,287,play_on,-41.727,8.9735,neutral,-1,292,-54.6291,6.3916,true
Interception,right,6,287,play_on,-41.727,8.9735,left,11,295,0,0,true
Pass,left,11,295,kick_off_l,0,0,left,6,298,-5.5093,-0.1596,true
Dribble,left,6,298,play_on,-5.5093,-0.1596,left,6,301,-4.1154,-0.4137,true
Pass,left,6,301,play_on,-4.1154,-0.4137,left,11,303,-0.9262,-0.1665,true
Dribble,left,11,303,play_on,-0.9262,-0.1665,left,11,309,0.0862,2.8838,true
Pass,left,11,311,play_on,0.1411,3.4254,left,10,321,4.6025,26.5487,true
Dribble,left,10,321,play_on,4.6025,26.5487,left,10,330,11.5069,29.544,true
Dribble,left,10,330,play_on,11.5069,29.544,left,10,333,13.6594,29.9082,true
Pass,left,10,337,play_on,12.3652,30.0519,left,5,344,5.1491,27.2605,true
Dribble,left,5,345,play_on,5.1069,28.3437,left,5,350,7.5172,26.4252,true
Pass,left,5,350,play_on,7.5172,26.4252,left,10,356,16.7217,29.9763,true
Dribble,left,10,356,play_on,16.7217,29.9763,left,10,361,19.8069,30.5398,true
Dribble,left,10,361,play_on,19.8069,30.5398,left,10,363,21.028,30.9266,true
Dribble,left,10,363,play_on,21.028,30.9266,left,10,369,22.8975,32.9636,true
Pass,left,10,372,play_on,22.2765,31.8226,left,8,378,15.9437,19.7233,true
Dribble,left,8,379,play_on,15.2621,20.4308,left,8,384,15.7344,21.5194,true
Dribble,left,8,384,play_on,15.7344,21.5194,left,8,387,16.0715,21.9432,true
Dribble,left,8,387,play_on,16.0715,21.9432,left,8,390,16.5497,23.2029,true
Dribble,left,8,390,play_on,16.5497,23.2029,left,8,395,18.6838,25.2725,true
Dribble,left,8,395,play_on,18.6838,25.2725,left,8,398,19.764,26.2076,true
Dribble,left,8,398,play_on,19.764,26.2076,left,8,401,21.3637,27.628,true
Dribble,left,8,401,play_on,21.3637,27.628,left,8,403,22.0541,28.2962,true
Dribble,left,8,403,play_on,22.0541,28.2962,left,8,405,22.6585,28.8849,true
Pass,left,8,405,play_on,22.6585,28.8849,left,10,426,45.7476,33.1271,true
Dribble,left,10,426,play_on,45.7476,33.1271,left,10,432,49.3157,32.8743,true
Dribble,left,10,432,play_on,49.3157,32.8743,left,10,437,51.1901,31.6275,true
Dribble,left,10,438,play_on,50.1361,31.5531,left,10,442,48.8911,32.6122,true
Dribble,left,10,442,play_on,48.8911,32.6122,left,10,445,48.1286,32.0322,true
Dribble,left,10,445,play_on,48.1286,32.0322,left,10,450,45.354,30.1126,true
Dribble,left,10,450,play_on,45.354,30.1126,left,10,454,43.3138,28.5345,true
Pass,left,10,454,play_on,43.3138,28.5345,left,11,460,44.2599,20.7056,true
MultiTouch,left,11,461,play_on,43.4996,19.9037,neutral,-1,467,40.0284,5.7961,false
Dribble,right,10,471,play_on,33.7493,0.5708,right,10,474,33.6723,0.4139,true
Dribble,right,10,474,play_on,33.6723,0.4139,right,10,481,28.9609,0.1974,true
Interception,right,10,484,play_on,27.4201,1.3796,left,6,501,16.5778,0.0486,true
MultiTouch,left,6,502,play_on,15.537,0.3455,neutral,-1,503,15.6479,0.4859,false
Dribble,left,2,510,play_on,4.4162,-6.4753,left,2,517,10.2174,-6.9935,true
Dribble,left,2,517,play_on,10.2174,-6.9935,left,2,522,12.0104,-8.9106,true
Dribble,left,2,522,play_on,12.0104,-8.9106,left,2,525,13.6297,-10.016,true
Dribble,left,2,525,play_on,13.6297,-10.016,left,2,530,16.4266,-8.9149,true
MultiTouch,left,2,530,play_on,16.4266,-8.9149,neutral,-1,536,27.2061,-5.1602,false
Pass,right,8,544,play_on,21.9983,-11.8637,right,10,547,15.0865,-9.9006,true
Dribble,right,10,547,play_on,15.0865,-9.9006,right,10,549,14.1797,-9.6039,true
Dribble,right,10,549,play_on,14.1797,-9.6039,right,10,555,10.6624,-9.5695,true
Dribble,right,10,558,play_on,10.7919,-9.189,right,10,560,9.6528,-8.9944,true
Dribble,right,10,560,play_on,9.6528,-8.9944,right,10,562,8.8464,-10.1026,true
Dribble,right,10,562,play_on,8.8464,-10.1026,right,10,566,7.1657,-9.5246,true
Pass,right,10,569,play_on,6.6447,-9.8618,right,7,573,1.6339,-1.7719,true
Dribble,right,7,574,play_on,1.5021,-1.1563,right,7,577,1.0983,-1.2818,true
Dribble,right,7,577,play_on,1.0983,-1.2818,right,7,583,-3.0378,-1.0063,true
Dribble,right,7,584,play_on,-3.6086,-2.1946,right,7,590,-7.2498,-1.9022,true
Dribble,right,7,594,play_on,-8.0453,-2.1188,right,7,597,-9.4716,-1.9875,true
Dribble,right,7,598,play_on,-9.673,-0.6293,right,7,600,-10.6207,-0.7954,true
Dribble,right,7,602,play_on,-10.5145,-0.7306,right,7,604,-11.6036,-0.4463,true
Dribble,right,7,605,play_on,-11.3312,-0.691,right,7,607,-12.5703,-0.6461,true
Pass,right,7,608,play_on,-12.8224,-0.938,right,10,611,-15.9039,-7.9538,true
Dribble,right,10,616,play_on,-17.3606,-8.1963,right,10,622,-18.8576,-10.0791,true
Dribble,right,10,623,play_on,-19.3584,-10.5441,right,10,627,-20.767,-9.4802,true
Interception,right,10,628,play_on,-20.4896,-9.4109,left,1,653,-48.6541,-24.0077,true
Pass,left,1,656,play_on,-48.2688,-22.9936,left,2,659,-44.3919,-15.9031,true
OutOfBounds,left,2,663,play_on,-43.9281,-15.5782,neutral,-1,672,-33.8985,-34,false
Pass,right,11,765,kick_in_r,-33.8985,-34,right,8,769,-29.8818,-24.4296,true
Dribble,right,8,771,play_on,-30.7018,-24.3136,right,8,779,-32.2263,-27.1415,true
Dribble,right,8,779,play_on,-32.2263,-27.1415,right,8,781,-33.658,-28.4072,true
Pass,right,8,781,play_on,-33.658,-28.4072,right,11,783,-35.7344,-31.042,true
Dribble,right,11,788,play_on,-36.4486,-31.7421,right,11,795,-41.7916,-31.8331,true
Pass,right,11,795,play_on,-41.7916,-31.8331,right,10,804,-38.3889,-23.7234,true
Dribble,right,10,804,play_on,-38.3889,-23.7234,right,10,810,-39.3616,-19.6715,true
Pass,right,10,810,play_on,-39.3616,-19.6715,right,8,812,-35.9964,-17.2054,true
Dribble,right,8,813,play_on,-35.4174,-17.1514,right,8,815,-36.4573,-16.7449,true
Pass,right,8,819,play_on,-35.6374,-15.1254,right,4,836,-14.5501,-8.9963,true
Dribble,right,4,838,play_on,-14.1871,-8.2675,right,4,845,-16.7501,-11.1173,true
Pass,right,4,847,play_on,-17.7403,-11.8035,right,3,849,-19.0974,-10.4511,true
Interception,right,3,849,play_on,-19.0974,-10.4511,left,7,857,-29.089,-17.3962,true
Dribble,left,7,857,play_on,-29.089,-17.3962,left,7,862,-26.2668,-18.368,true
Dribble,left,7,862,play_on,-26.2668,-18.368,left,7,868,-22.6489,-17.9536,true
Dribble,left,7,868,play_on,-22.6489,-17.9536,left,7,874,-19.9403,-19.8732,true
Dribble,left,7,874,play_on,-19.9403,-19.8732,left,7,882,-14.8574,-19.8723,true
Dribble,left,7,882,play_on,-14.8574,-19.8723,left,7,889,-12.3073,-22.8087,true
Dribble,left,7,889,play_on,-12.3073,-22.8087,left,7,895,-9.9357,-26.6446,true
Dribble,left,7,895,play_on,-9.9357,-26.6446,left,7,902,-5.719,-28.0001,true
Dribble,left,7,902,play_on,-5.719,-28.0001,left,7,909,-1.345,-28.2073,true
Dribble,left,7,909,play_on,-1.345,-28.2073,left,7,915,2.7681,-29.5638,true
Dribble,left,7,915,play_on,2.7681,-29.5638,left,7,922,6.9921,-30.6254,true
Dribble,left,7,922,play_on,6.9921,-30.6254,left,7,928,10.5321,-31.0317,true
Dribble,left,7,928,play_on,10.5321,-31.0317,left,7,933,14.3511,-31.0297,true
Dribble,left,7,933,play_on,14.3511,-31.0297,left,7,937,17.116,-30.7952,true
Dribble,left,7,937,play_on,17.116,-30.7952,left,7,943,19.3365,-33.1695,true
Dribble,left,7,945,play_on,19.1096,-33.2876,left,7,949,16.9686,-32.4068,true
Dribble,left,7,949,play_on,16.9686,-32.4068,left,7,953,16.7792,-30.9332,true
Dribble,left,7,953,play_on,16.7792,-30.9332,left,7,957,16.492,-28.8925,true
Pass,left,7,957,play_on,16.492,-28.8925,left,6,969,9.5126,-19.3771,true
Dribble,left,6,970,play_on,10.3351,-19.6131,left,6,975,13.5589,-20.5809,true
Dribble,left,6,975,play_on,13.5589,-20.5809,left,6,977,14.6987,-20.7754,true
Pass,left,6,977,play_on,14.6987,-20.7754,left,9,981,21.2242,-26.3058,true
Interception,left,9,981,play_on,21.2242,-26.3058,right,5,985,20.7906,-24.8448,true
Interception,right,5,985,play_on,20.7906,-24.8448,left,7,1000,22.2558,-24.6715,true
Pass,left,7,1000,free_kick_l,22.2558,-24.6715,left,9,1005,29.0642,-21.6956,true
Interception,left,9,1006,play_on,28.8074,-21.5622,right,11,1018,16.7864,-27.6944,true
OutOfBounds,right,11,1018,play_on,16.7864,-27.6944,neutral,-1,1023,5.9968,-34,false
Pass,left,7,1076,kick_in_l,5.9968,-34,left,4,1078,3.267,-33.271,true
Pass,left,4,1078,play_on,3.267,-33.271,left,7,1083,5.9313,-32.8728,true
Pass,left,7,1086,play_on,5.6481,-33.0865,left,4,1087,5.0879,-32.1548,true
Pass,left,4,1087,play_on,5.0879,-32.1548,left,6,1093,-2.8042,-19.2713,true
Pass,left,6,1093,play_on,-2.8042,-19.2713,left,2,1101,-10.6988,-21.893,true
Pass,left,2,1101,play_on,-10.6988,-21.893,left,3,1111,-9.7363,-0.5867,true
Dribble,left,3,1111,play_on,-9.7363,-0.5867,left,3,1117,-5.0862,-0.5241,true
Dribble,left,3,1117,play_on,-5.0862,-0.5241,left,3,1122,-1.0765,-0.9909,true
Dribble,left,3,1122,play_on,-1.0765,-0.9909,left,3,1126,1.6613,-1.3913,true
Dribble,left,3,1126,play_on,1.6613,-1.3913,left,3,1130,4.4366,-1.5581,true
Dribble,left,3,1130,play_on,4.4366,-1.5581,left,3,1137,7.6851,-4.8172,true
Dribble,left,3,1137,play_on,7.6851,-4.8172,left,3,1140,8.9405,-6.3389,true
Dribble,left,3,1140,play_on,8.9405,-6.3389,left,3,1148,12.92,-11.0998,true
Dribble,left,3,1148,play_on,12.92,-11.0998,left,3,1158,19.9365,-14.1588,true
Dribble,left,3,1158,play_on,19.9365,-14.1588,left,3,1166,25.9165,-15.6188,true
Dribble,left,3,1166,play_on,25.9165,-15.6188,left,3,1171,28.5369,-14.9037,true
Pass,left,3,1172,play_on,27.7402,-15.8321,left,9,1174,27.3544,-16.7005,true
Dribble,left,9,1174,play_on,27.3544,-16.7005,left,9,1180,24.1033,-18.8482,true
Dribble,left,9,1180,play_on,24.1033,-18.8482,left,9,1184,23.6104,-20.3415,true
Dribble,left,9,1184,play_on,23.6104,-20.3415,left,9,1186,23.4619,-21.5244,true
Dribble,left,9,1186,play_on,23.4619,-21.5244,left,9,1192,25.9779,-23.897,true
Pass,left,9,1192,play_on,25.9779,-23.897,left,4,1197,19.1655,-30.4646,true
Pass,left,4,1198,play_on,18.7769,-29.5932,left,7,1207,13.6601,-19.0028,true
Pass,left,7,1207,play_on,13.6601,-19.0028,left,3,1218,12.3055,-0.3236,true
Dribble,left,3,1218,play_on,12.3055,-0.3236,left,3,1226,17.444,-2.3549,true
Dribble,left,3,1226,play_on,17.444,-2.3549,left,3,1230,18.9463,-1.1296,true
Dribble,left,3,1230,play_on,18.9463,-1.1296,left,3,1234,18.8907,0.4284,true
Dribble,left,3,1234,play_on,18.8907,0.4284,left,3,1237,20.0646,-0.1751,true
Pass,left,3,1237,play_on,20.0646,-0.1751,left,11,1240,24.5795,1.1879,true
Interception,left,11,1240,play_on,24.5795,1.1879,right,9,1244,21.1631,0.9118,true
MultiTouch,right,9,1244,play_on,21.1631,0.9118,neutral,-1,1245,21.1071,0.3063,false
Pass,left,1,1381,free_kick_l,-42.9596,-9.1073,left,7,1385,-34.8751,-10.7343,true
MultiTouch,left,7,1388,play_on,-34.3723,-11.6792,neutral,-1,1392,-34.8124,-12.702,false
Pass,left,7,1407,free_kick_l,-34.1549,-11.861,left,2,1410,-38.2662,-9.1922,true
Interception,left,2,1410,play_on,-38.2662,-9.1922,right,11,1419,-26.4727,-10.398,true
Dribble,right,11,1422,play_on,-26.1667,-10.9288,right,11,1425,-28.436,-10.9124,true
Pass,right,11,1425,play_on,-28.436,-10.9124,right,10,1430,-30.7537,-3.1238,true
Dribble,right,10,1430,play_on,-30.7537,-3.1238,right,10,1433,-32.3719,-4.1323,true
Dribble,right,10,1433,play_on,-32.3719,-4.1323,right,10,1435,-33.6511,-4.3893,true
Dribble,right,10,1438,play_on,-33.6612,-3.5099,right,10,1440,-34.9695,-3.187,true
Pass,right,10,1440,play_on,-34.9695,-3.187,right,6,1445,-30.305,1.2797,true
Pass,right,6,1445,play_on,-30.305,1.2797,right,9,1449,-34.5691,8.8803,true
Dribble,right,9,1449,play_on,-34.5691,8.8803,right,9,1451,-34.9133,9.3069,true
OutOfBounds,right,9,1452,play_on,-35.8038,8.9577,neutral,-1,1463,-47,-9.16,false
Pass,left,2,1497,goal_kick_l,-47,-9.16,left,3,1529,-41.5798,14.4681,true
OutOfBounds,left,3,1529,goal_kick_l,-41.5798,14.4681,neutral,-1,1541,-33.297,34,false
Pass,right,9,1634,kick_in_r,-33.297,34,right,6,1639,-30.1815,22.4814,true
Dribble,right,6,1639,play_on,-30.1815,22.4814,right,6,1642,-30.4571,22.4288,true
Interception,right,6,1643,play_on,-31.1676,23.5941,left,8,1644,-31.6677,23.5392,true
OutOfBounds,left,8,1644,play_on,-31.6677,23.5392,neutral,-1,1657,-15.7966,34,false
Pass,right,6,1750,kick_in_r,-15.7966,34,right,2,1753,-18.5533,31.6209,true
Dribble,right,2,1755,play_on,-18.8295,31.3039,right,2,1759,-18.7479,31.5221,true
MultiTouch,right,2,1760,play_on,-19.5952,31.4904,neutral,-1,1762,-19.3801,31.7303,false
Dribble,right,9,1765,play_on,-25.3404,32.5592,right,9,1769,-28.1662,32.1435,true
Dribble,right,9,1770,play_on,-27.9214,30.4299,right,9,1772,-28.3609,30.6451,true
Interception,right,9,1775,play_on,-28.668,31.3965,left,3,1782,-28.4794,23.2703,true
Pass,left,3,1782,play_on,-28.4794,23.2703,left,6,1786,-30.3049,12.8841,true
Dribble,left,6,1786,play_on,-30.3049,12.8841,left,6,1792,-29.5567,9.4227,true
Pass,left,6,1792,play_on,-29.5567,9.4227,left,11,1798,-18.7448,9.6827,true
Pass,left,11,1800,play_on,-18.1118,9.1099,left,9,1807,-16.9396,-7.695,true
Dribble,left,9,1807,play_on,-16.9396,-7.695,left,9,1816,-15.909,-13.9806,true
Dribble,left,9,1816,play_on,-15.909,-13.9806,left,9,1818,-15.2871,-15.0106,true
Dribble,left,9,1818,play_on,-15.2871,-15.0106,left,9,1823,-13.9022,-18.2207,true
Dribble,left,9,1823,play_on,-13.9022,-18.2207,left,9,1827,-13.0894,-20.8094,true
Dribble,left,9,1827,play_on,-13.0894,-20.8094,left,9,1831,-11.779,-23.2473,true
Dribble,left,9,1831,play_on,-11.779,-23.2473,left,9,1837,-10.6709,-27.7561,true
Dribble,left,9,1837,play_on,-10.6709,-27.7561,left,9,1841,-9.9222,-30.3071,true
Dribble,left,9,1841,play_on,-9.9222,-30.3071,left,9,1844,-9.3679,-32.1844,true
Dribble,left,9,1844,play_on,-9.3679,-32.1844,left,9,1848,-7.7488,-32.9072,true
Pass,left,9,1857,play_on,-8.4932,-33.2449,left,4,1863,-14.2226,-26.8926,true
Dribble,left,4,1863,play_on,-14.2226,-26.8926,left,4,1867,-13.2975,-28.7558,true
Dribble,left,4,1867,play_on,-13.2975,-28.7558,left,4,1871,-12.1026,-31.0001,true
Dribble,left,4,1871,play_on,-12.1026,-31.0001,left,4,1876,-10.2425,-32.4854,true
Pass,left,4,1879,play_on,-10.9696,-32.4157,left,2,1886,-19.941,-24.7579,true
Dribble,left,2,1886,play_on,-19.941,-24.7579,left,2,1892,-16.6011,-22.3511,true
Dribble,left,2,1892,play_on,-16.6011,-22.3511,left,2,1896,-14.0866,-21.0612,true
Pass,left,2,1896,play_on,-14.0866,-21.0612,left,7,1901,-7.841,-15.1537,true
Dribble,left,7,1902,play_on,-7.9019,-15.3978,left,7,1906,-7.6458,-16.797,true
Dribble,left,7,1906,play_on,-7.6458,-16.797,left,7,1912,-5.9691,-20.5719,true
Interception,left,7,1914,play_on,-5.4876,-20.4906,right,3,1939,30.8531,-9.4698,true
Pass,right,3,1941,play_on,29.6757,-10.2493,right,5,1945,22.9649,-17.8431,true
Dribble,right,5,1946,play_on,22.546,-17.8044,right,5,1948,21.8802,-18.3899,true
Pass,right,5,1949,play_on,21.268,-17.9017,right,8,1954,9.4375,-18.2463,true
Dribble,right,8,1954,play_on,9.4375,-18.2463,right,8,1956,8.1122,-18.4307,true
Pass,right,8,1960,play_on,9.1265,-19.5827,right,11,1973,0.3395,-27.9355,true
OutOfBounds,right,11,1973,play_on,0.3395,-27.9355,neutral,-1,1978,-11.3236,-34,false
Pass,left,4,2005,kick_in_l,-11.3236,-34,left,7,2009,-6.8176,-27.6889,true
Pass,left,7,2010,play_on,-7.0267,-27.708,left,2,2018,-13.7619,-24.4954,true
Pass,left,2,2019,play_on,-13.0472,-24.2332,left,9,2026,4.2812,-20.2791,true
Interception,left,9,2029,play_on,4.0021,-19.9184,right,5,2034,4.5036,-17.194,true
Pass,right,5,2034,play_on,4.5036,-17.194,right,6,2045,-1.974,3.9566,true
Pass,right,6,2045,play_on,-1.974,3.9566,right,10,2052,-9.6801,0.4116,true
Pass,right,10,2054,play_on,-10.3424,1.3995,right,9,2060,-14.5728,13.6866,true
Dribble,right,9,2061,play_on,-14.8913,14.0322,right,9,2066,-17.8296,13.6801,true
Dribble,right,9,2066,play_on,-17.8296,13.6801,right,9,2068,-18.7883,14.0687,true
Dribble,right,9,2068,play_on,-18.7883,14.0687,right,9,2071,-20.5417,13.9725,true
Dribble,right,9,2072,play_on,-21.0645,13.9227,right,9,2077,-22.7885,14.7029,true
Dribble,right,9,2077,play_on,-22.7885,14.7029,right,9,2079,-24.0755,14.8904,true
Dribble,right,9,2080,play_on,-23.0218,15.1008,right,9,2082,-24.6138,15.5143,true
Dribble,right,9,2082,play_on,-24.6138,15.5143,right,9,2084,-25.6552,15.5165,true
Dribble,right,9,2084,play_on,-25.6552,15.5165,right,9,2087,-27.1854,16.3418,true
Pass,right,9,2087,play_on,-27.1854,16.3418,right,10,2091,-28.888,9.8126,true
Pass,right,10,2091,play_on,-28.888,9.8126,right,7,2095,-23.5419,1.6976,true
Dribble,right,7,2096,play_on,-23.7293,1.2234,right,7,2105,-27.3772,0.6932,true
Pass,right,7,2106,play_on,-28.358,0.6997,right,10,2109,-32.0154,6.5183,true
Dribble,right,10,2110,play_on,-32.5562,6.6001,right,10,2112,-33.1647,6.6717,true
Dribble,right,10,2112,play_on,-33.1647,6.6717,right,10,2114,-34.0274,6.7524,true
Dribble,right,10,2114,play_on,-34.0274,6.7524,right,10,2117,-35.3659,6.907,true
Pass,right,10,2118,play_on,-34.1224,5.6999,right,7,2121,-29.2998,-0.7665,true
Dribble,right,7,2123,play_on,-29.0919,-1.0505,right,7,2126,-29.1319,-0.8269,true
Dribble,right,7,2126,play_on,-29.1319,-0.8269,right,7,2129,-31.029,-1.4572,true
MultiTouch,right,7,2130,play_on,-31.1673,-1.5261,neutral,-1,2133,-32.7113,4.8624,false
Interception,left,5,2136,play_on,-39.2138,8.8543,right,9,2144,-45.2427,8.9107,true
Pass,left,1,2238,free_kick_l,-42.9929,-10.1491,left,4,2247,-37.2295,-20.0818,true
OutOfBounds,left,4,2248,play_on,-36.8181,-20.6539,neutral,-1,2263,-12.2825,-34,false
Pass,right,11,2357,kick_in_r,-12.2825,-34,right,5,2364,-17.1952,-28.389,true
Dribble,right,5,2365,play_on,-16.5229,-27.6961,right,5,2368,-17.3239,-26.5596,true
Pass,right,5,2370,play_on,-19.2451,-26.225,right,8,2372,-21.5348,-28.6527,true
Interception,right,8,2378,play_on,-22.0035,-29.4991,left,2,2388,-32.8262,-23.3875,true
Dribble,left,2,2392,play_on,-32.7457,-22.6147,left,2,2395,-31.9377,-21.4056,true
Dribble,left,2,2395,play_on,-31.9377,-21.4056,left,2,2399,-30.5319,-20.2003,true
Dribble,left,2,2399,play_on,-30.5319,-20.2003,left,2,2404,-29.598,-17.8101,true
Dribble,left,2,2404,play_on,-29.598,-17.8101,left,2,2410,-27.3113,-13.3732,true
Dribble,left,2,2410,play_on,-27.3113,-13.3732,left,2,2413,-26.0989,-11.6346,true
Dribble,left,2,2413,play_on,-26.0989,-11.6346,left,2,2419,-23.5151,-8.789,true
Dribble,left,2,2420,play_on,-22.8989,-8.9389,left,2,2424,-21.1896,-6.7427,true
Dribble,left,2,2424,play_on,-21.1896,-6.7427,left,2,2428,-19.4521,-4.3872,true
Dribble,left,2,2428,play_on,-19.4521,-4.3872,left,2,2433,-16.7944,-2.0747,true
Dribble,left,2,2433,play_on,-16.7944,-2.0747,left,2,2437,-14.3706,0.0437,true
Pass,left,2,2439,play_on,-14.3025,0.7085,left,10,2446,-9.555,18.5534,true
Dribble,left,10,2448,play_on,-9.6821,18.4175,left,10,2456,-7.624,24.2164,true
Dribble,left,10,2456,play_on,-7.624,24.2164,left,10,2460,-6.2624,26.6224,true
Dribble,left,10,2460,play_on,-6.2624,26.6224,left,10,2464,-5.4977,29.2785,true
Dribble,left,10,2464,play_on,-5.4977,29.2785,left,10,2468,-4.2774,30.9274,true
Dribble,left,10,2468,play_on,-4.2774,30.9274,left,10,2472,-2.7854,32.7139,true
MultiTouch,left,10,2480,play_on,-4.0328,32.3016,neutral,-1,2481,-3.2879,33.3149,false
OutOfBounds,right,2,2481,play_on,-3.2879,33.3149,neutral,-1,2482,-3.9187,34,false
Pass,left,5,2512,kick_in_l,-3.9187,34,left,8,2515,-0.4296,30.2828,true
Dribble,left,8,2516,play_on,0.0109,31.0011,left,8,2522,2.5021,32.9022,true
Dribble,left,8,2522,play_on,2.5021,32.9022,left,8,2528,5.8852,32.4911,true
Dribble,left,8,2528,play_on,5.8852,32.4911,left,8,2530,7.2952,32.4017,true
Interception,left,8,2530,play_on,7.2952,32.4017,right,2,2560,40.4427,33.1464,true
Dribble,right,2,2566,play_on,40.1817,32.2883,right,2,2568,39.0766,32.4052,true
Dribble,right,2,2569,play_on,39.2918,32.1482,right,2,2571,38.1286,32.3132,true
Dribble,right,2,2571,play_on,38.1286,32.3132,right,2,2573,37.2959,32.137,true
Pass,right,2,2573,play_on,37.2959,32.137,right,3,2583,22.6583,18.801,true
Pass,right,3,2586,play_on,22.9264,19.2207,right,6,2590,15.6664,26.0109,true
Dribble,right,6,2591,play_on,15.0908,26.6784,right,6,2597,12.0211,27.1512,true
Dribble,right,6,2597,play_on,12.0211,27.1512,right,6,2601,9.5583,28.2489,true
Pass,right,6,2602,play_on,9.3767,27.577,right,7,2606,8.3022,18.2565,true
Dribble,right,7,2607,play_on,7.715,18.2182,right,7,2614,5.8719,20.5609,true
Pass,right,7,2615,play_on,4.7551,20.217,right,10,2618,-1.8259,16.0013,true
Dribble,right,10,2621,play_on,-3.5742,15.7204,right,10,2626,-5.1437,14.9352,true
Dribble,right,10,2626,play_on,-5.1437,14.9352,right,10,2630,-7.5477,13.7997,true
Dribble,right,10,2630,play_on,-7.5477,13.7997,right,10,2634,-10.3282,12.6005,true
Dribble,right,10,2634,play_on,-10.3282,12.6005,right,10,2636,-11.2644,12.7111,true
Dribble,right,10,2637,play_on,-11.7346,12.4712,right,10,2639,-12.4448,12.5161,true
Dribble,right,10,2639,play_on,-12.4448,12.5161,right,10,2642,-13.5413,11.6857,true
Dribble,right,10,2647,play_on,-13.7196,12.0008,right,10,2653,-16.4029,10.1799,true
Dribble,right,10,2654,play_on,-16.7108,8.654,right,10,2661,-20.4872,7.01,true
Pass,right,10,2662,play_on,-21.2928,8.014,right,6,2670,-16.6918,25.1484,true
Dribble,right,6,2670,play_on,-16.6918,25.1484,right,6,2678,-20.5018,29.6373,true
Dribble,right,6,2680,play_on,-21.2689,29.8478,right,6,2684,-22.1723,30.086,true
Dribble,right,6,2685,play_on,-22.5263,30.1493,right,6,2688,-23.2793,30.2942,true
Dribble,right,6,2689,play_on,-23.7356,30.2904,right,6,2693,-25.2382,30.1153,true
MultiTouch,right,6,2695,play_on,-25.7385,28.8302,neutral,-1,2701,-31.4908,22.5057,false
OutOfBounds,left,3,2701,play_on,-31.4908,22.5057,neutral,-1,2710,-44.1454,34,false
Pass,right,9,2805,kick_in_r,-44.1454,34,right,2,2821,-16.5484,30.846,true
Dribble,right,2,2822,play_on,-16.2155,30.0411,right,2,2833,-21.2199,32.1069,true
MultiTouch,right,2,2835,play_on,-22.7088,32.2112,neutral,-1,2846,-27.381,17.5306,false
MultiTouch,right,10,2851,play_on,-33.1842,17.4773,neutral,-1,2852,-32.7103,16.3644,false
OutOfBounds,left,-1,2853,play_on,-33.235,17.8232,neutral,-1,2865,-51.5,33,false
Pass,right,9,2959,corner_kick_r,-51.5,33,right,10,2964,-49.1489,29.5642,true
Pass,right,10,2964,play_on,-49.1489,29.5642,right,6,2968,-42.8974,21.8941,true
Pass,right,6,2968,play_on,-42.8974,21.8941,right,7,2973,-33.8911,15.0338,true
Dribble,right,7,2973,play_on,-33.8911,15.0338,right,7,2976,-34.6625,14.6351,true
Pass,right,7,2978,play_on,-34.5345,14.2686,right,8,2985,-36.3457,4.4887,true
Pass,right,8,2986,play_on,-36.1937,4.6927,right,7,2989,-32.7921,9.5428,true
Dribble,right,7,2989,play_on,-32.7921,9.5428,right,7,2991,-32.7947,9.9558,true
Dribble,right,7,2991,play_on,-32.7947,9.9558,right,7,2993,-34.2228,9.3337,true
Pass,right,7,2993,play_on,-34.2228,9.3337,right,10,3014,0,0,true
Pass,right,10,3014,kick_off_r,0,0,right,8,3021,7.474,-11.1247,true
Dribble,right,8,3022,play_on,8.0176,-10.9396,right,8,3030,2.7525,-13.3406,true
Pass,right,8,3032,play_on,3.6451,-13.9546,right,11,3036,-1.3888,-21.2903,true
Dribble,right,11,3036,play_on,-1.3888,-21.2903,right,11,3041,-2.9959,-22.6414,true
Dribble,right,11,3042,play_on,-2.3202,-22.4564,right,11,3048,-6.2125,-25.1666,true
Dribble,right,11,3048,play_on,-6.2125,-25.1666,right,11,3054,-9.4439,-28.2067,true
Dribble,right,11,3055,play_on,-9.9123,-28.7341,right,11,3057,-10.4777,-29.4639,true
Dribble,right,11,3058,play_on,-10.7158,-28.6805,right,11,3060,-11.1792,-29.2613,true
Dribble,right,11,3061,play_on,-10.3054,-30.3339,right,11,3063,-10.9776,-31.2919,true
Dribble,right,11,3063,play_on,-10.9776,-31.2919,right,11,3065,-11.1201,-31.5431,true
Interception,right,11,3065,play_on,-11.1201,-31.5431,left,2,3072,-20.9209,-25.0829,true
MultiTouch,left,2,3076,play_on,-21.4307,-24.8169,neutral,-1,3084,-22.0549,-13.5666,false
Pass,left,1,3108,play_on,-46.6544,-22.4126,left,2,3111,-44.7789,-14.2987,true
Pass,left,2,3111,play_on,-44.7789,-14.2987,left,6,3115,-42.6852,-5.1235,true
Pass,left,6,3115,play_on,-42.6852,-5.1235,left,5,3122,-40.5431,6.7844,true
Pass,left,5,3131,play_on,-41.3034,7.431,left,6,3136,-40.5787,1.6727,true
Interception,left,6,3137,play_on,-40.8512,1.8708,right,9,3141,-38.1575,6.6544,true
Interception,right,9,3143,play_on,-38.4117,6.3198,left,2,3150,-47.4912,-3.0186,true
OutOfBounds,left,2,3153,play_on,-47.279,-4.1764,neutral,-1,3172,-35.2594,-34,false
Pass,right,8,3267,kick_in_r,-35.2594,-34,right,5,3271,-36.6155,-29.1194,true
Pass,right,5,3272,play_on,-36.7591,-27.7902,right,11,3275,-32.1164,-22.829,true
Dribble,right,11,3276,play_on,-32.1661,-22.2921,right,11,3279,-33.2531,-21.8188,true
Pass,right,11,3280,play_on,-33.8167,-21.8283,right,7,3285,-30.8023,-15.1649,true
Pass,right,7,3285,play_on,-30.8023,-15.1649,right,6,3290,-31.8029,-6.0234,true
Dribble,right,6,3291,play_on,-32.283,-6.0843,right,6,3295,-32.96,-6.212,true
Dribble,right,6,3295,play_on,-32.96,-6.212,right,6,3298,-35.0811,-6.5385,true
MultiTouch,right,6,3298,play_on,-35.0811,-6.5385,neutral,-1,3304,-37.2948,-7.7789,false
OutOfBounds,right,6,3304,play_on,-37.2948,-7.7789,neutral,-1,3318,-47,-9.16,false
Pass,left,2,3334,goal_kick_l,-47,-9.16,left,5,3357,-44.208,21.7487,true
OutOfBounds,left,5,3360,play_on,-43.2415,21.7752,neutral,-1,3371,-21.9064,34,false
Pass,right,6,3464,kick_in_r,-21.9064,34,right,3,3469,-22.2353,22.6792,true
Dribble,right,3,3469,play_on,-22.2353,22.6792,right,3,3472,-22.14,21.8787,true
Dribble,right,3,3472,play_on,-22.14,21.8787,right,3,3475,-24.2636,21.1396,true
Interception,right,3,3476,play_on,-24.5568,22.3032,left,5,3480,-32.5404,24.8366,true
Pass,left,5,3480,play_on,-32.5404,24.8366,left,8,3486,-31.0492,21.513,true
Dribble,left,8,3486,play_on,-31.0492,21.513,left,8,3491,-30.4582,18.5503,true
Dribble,left,8,3491,play_on,-30.4582,18.5503,left,8,3494,-29.8779,16.8184,true
Dribble,left,8,3494,play_on,-29.8779,16.8184,left,8,3497,-29.4757,15.2113,true
Dribble,left,8,3497,play_on,-29.4757,15.2113,left,8,3501,-28.4205,13.784,true
Pass,left,8,3501,play_on,-28.4205,13.784,left,11,3506,-18.4911,9.6349,true
Dribble,left,11,3508,play_on,-18.4689,8.9363,left,11,3515,-17.3378,4.843,true
Dribble,left,11,3515,play_on,-17.3378,4.843,left,11,3520,-16.0475,1.2132,true
Pass,left,11,3520,play_on,-16.0475,1.2132,left,6,3525,-25.6394,0.7845,true
MultiTouch,left,6,3525,play_on,-25.6394,0.7845,neutral,-1,3526,-26.0306,2.0863,false
MultiTouch,right,6,3537,play_on,-21.3777,8.7745,neutral,-1,3542,-29.7545,16.86,false
Dribble,left,10,3555,play_on,-19.4984,22.6352,left,10,3563,-15.7802,25.7733,true
Dribble,left,10,3563,play_on,-15.7802,25.7733,left,10,3569,-11.4452,25.5592,true
Dribble,left,10,3569,play_on,-11.4452,25.5592,left,10,3575,-6.685,25.5721,true
Dribble,left,10,3575,play_on,-6.685,25.5721,left,10,3581,-2.0856,25.6551,true
Dribble,left,10,3581,play_on,-2.0856,25.6551,left,10,3587,2.255,26.1991,true
Dribble,left,10,3587,play_on,2.255,26.1991,left,10,3596,7.4968,29.58,true
Dribble,left,10,3596,play_on,7.4968,29.58,left,10,3607,16.1273,30.5307,true
Dribble,left,10,3607,play_on,16.1273,30.5307,left,10,3613,19.1018,32.7411,true
Dribble,left,10,3614,play_on,19.0838,33.3056,left,10,3618,21.2514,33.0024,true
Pass,left,10,3619,play_on,20.61,32.3541,left,8,3628,9.0253,18.3147,true
Dribble,left,8,3631,play_on,8.8985,19.6402,left,8,3642,10.8661,26.7783,true
Dribble,left,8,3642,play_on,10.8661,26.7783,left,8,3646,11.5292,29.1386,true
Dribble,left,8,3646,play_on,11.5292,29.1386,left,8,3652,14.1821,30.8956,true
MultiTouch,left,8,3652,play_on,14.1821,30.8956,neutral,-1,3653,14.3184,30.2049,false
OutOfBounds,right,6,3653,play_on,14.3184,30.2049,neutral,-1,3656,9.8844,34,false
Pass,left,5,3688,kick_in_l,9.8844,34,left,3,3696,2.6646,26.7619,true
Dribble,left,3,3696,play_on,2.6646,26.7619,left,3,3701,6.3197,26.1284,true
Dribble,left,3,3701,play_on,6.3197,26.1284,left,3,3704,8.201,25.8069,true
Pass,left,3,3707,play_on,7.2429,25.591,left,8,3710,9.3645,23.7059,true
Dribble,left,8,3710,play_on,9.3645,23.7059,left,8,3713,11.5745,23.1061,true
Dribble,left,8,3713,play_on,11.5745,23.1061,left,8,3719,15.4936,22.4194,true
Dribble,left,8,3719,play_on,15.4936,22.4194,left,8,3723,18.1246,21.918,true
Dribble,left,8,3723,play_on,18.1246,21.918,left,8,3727,20.479,21.4631,true
Dribble,left,8,3728,play_on,20.4915,22.235,left,8,3731,21.3517,22.5072,true
Pass,left,8,3731,play_on,21.3517,22.5072,left,10,3735,26.6691,26.0012,true
Dribble,left,10,3735,play_on,26.6691,26.0012,left,10,3740,28.1778,28.4955,true
Dribble,left,10,3740,play_on,28.1778,28.4955,left,10,3747,32.7785,30.7178,true
Dribble,left,10,3747,play_on,32.7785,30.7178,left,10,3749,33.7175,31.3303,true
Dribble,left,10,3749,play_on,33.7175,31.3303,left,10,3754,36.5389,32.8721,true
Dribble,left,10,3756,play_on,36.4055,33.3543,left,10,3760,34.422,31.9314,true
Dribble,left,10,3760,play_on,34.422,31.9314,left,10,3763,33.7527,31.1371,true
MultiTouch,left,10,3763,play_on,33.7527,31.1371,neutral,-1,3768,33.9849,28.3309,false
Pass,left,6,3784,play_on,10.3167,13.1294,left,3,3793,-2.5579,18.6097,true
Dribble,left,3,3793,play_on,-2.5579,18.6097,left,3,3796,-0.4423,18.7374,true
Dribble,left,3,3797,play_on,-0.4384,18.0768,left,3,3802,3.0188,17.9292,true
Dribble,left,3,3805,play_on,2.5658,17.5337,left,3,3808,3.8567,17.0786,true
Dribble,left,3,3808,play_on,3.8567,17.0786,left,3,3814,4.3223,13.9051,true
Dribble,left,3,3814,play_on,4.3223,13.9051,left,3,3821,5.4963,8.3732,true
Pass,left,3,3821,play_on,5.4963,8.3732,left,7,3835,11.716,-14.0293,true
Dribble,left,7,3837,play_on,11.2174,-13.2001,left,7,3840,11.4775,-12.1909,true
Dribble,left,7,3840,play_on,11.4775,-12.1909,left,7,3845,12.1588,-9.3599,true
Interception,left,7,3845,play_on,12.1588,-9.3599,right,8,3847,12.4797,-7.8005,true
Pass,right,8,3847,play_on,12.4797,-7.8005,right,9,3861,8.1827,21.6112,true
Pass,right,9,3862,play_on,8.0757,20.9959,right,6,3865,14.7477,18.1905,true
Dribble,right,6,3865,play_on,14.7477,18.1905,right,6,3873,18.0948,17.4242,true
Dribble,right,6,3877,play_on,17.6252,18.0791,right,6,3883,13.3453,16.6551,true
Dribble,right,6,3883,play_on,13.3453,16.6551,right,6,3885,12.2835,16.3313,true
Pass,right,6,3885,play_on,12.2835,16.3313,right,7,3891,2.8513,6.4186,true
Dribble,right,7,3892,play_on,2.1805,5.6753,right,7,3897,-0.5177,5.5349,true
Dribble,right,7,3898,play_on,-0.2477,6.0035,right,7,3902,-1.8761,6.3558,true
Dribble,right,7,3902,play_on,-1.8761,6.3558,right,7,3905,-3.1797,6.1011,true
Pass,right,7,3911,play_on,-3.5314,6.0262,right,10,3915,-10.4852,-1.2649,true
Dribble,right,10,3919,play_on,-12.0404,-1.3112,right,10,3922,-12.9284,-1.1072,true
Dribble,right,10,3922,play_on,-12.9284,-1.1072,right,10,3927,-15.2638,-1.5931,true
Dribble,right,10,3927,play_on,-15.2638,-1.5931,right,10,3930,-17.0096,-2.2241,true
Dribble,right,10,3930,play_on,-17.0096,-2.2241,right,10,3934,-19.688,-3.2509,true
Dribble,right,10,3935,play_on,-19.0203,-3.7035,right,10,3937,-20.3126,-3.9237,true
Pass,right,10,3937,play_on,-20.3126,-3.9237,right,11,3941,-21.5668,-12.5181,true
Dribble,right,11,3941,play_on,-21.5668,-12.5181,right,11,3944,-23.4353,-12.1627,true
Dribble,right,11,3944,play_on,-23.4353,-12.1627,right,11,3949,-26.6968,-12.5674,true
Dribble,right,11,3949,play_on,-26.6968,-12.5674,right,11,3951,-28.0294,-12.6989,true
Dribble,right,11,3951,play_on,-28.0294,-12.6989,right,11,3958,-32.6539,-12.7437,true
Interception,right,11,3960,play_on,-32.8333,-11.6119,left,8,3964,-35.5895,-6.416,true
Pass,left,8,3964,play_on,-35.5895,-6.416,left,3,3968,-32.9341,1.014,true
Dribble,left,3,3968,play_on,-32.9341,1.014,left,3,3971,-31.224,0.7966,true
Dribble,left,3,3971,play_on,-31.224,0.7966,left,3,3975,-30.5699,2.7615,true
Pass,left,3,3979,play_on,-30.9401,2.4067,left,5,4011,-37.4797,30.8592,true
Dribble,left,5,4011,play_on,-37.4797,30.8592,left,5,4017,-34.2833,32.691,true
MultiTouch,left,5,4024,play_on,-33.6563,33.4391,neutral,-1,4025,-34.1238,33.701,false
Dribble,left,5,4028,play_on,-32.4772,33.2918,left,5,4034,-29.9349,32.0155,true
Dribble,left,5,4034,play_on,-29.9349,32.0155,left,5,4040,-26.2995,32.2705,true
Pass,left,5,4040,play_on,-26.2995,32.2705,left,10,4051,-7.8512,25.7544,true
Dribble,left,10,4051,play_on,-7.8512,25.7544,left,10,4058,-7.3497,30.0198,true
Dribble,left,10,4058,play_on,-7.3497,30.0198,left,10,4064,-6.2483,32.4114,true
Interception,left,10,4065,play_on,-6.1887,31.8985,right,3,4090,24.6113,8.4229,true
Dribble,right,3,4092,play_on,25.1415,8.4911,right,3,4094,26.0107,8.6178,true
Pass,right,3,4095,play_on,25.0595,7.05,right,5,4104,13.7372,-12.698,true
Pass,right,5,4106,play_on,13.5577,-12.7718,right,4,4112,20.2862,-1.4811,true
Dribble,right,4,4112,play_on,20.2862,-1.4811,right,4,4117,20.0842,-1.3214,true
Dribble,right,4,4117,play_on,20.0842,-1.3214,right,4,4126,13.6422,-1.3437,true
Pass,right,4,4128,play_on,12.026,-2.0322,right,5,4136,12.8911,-15.9001,true
Pass,right,5,4137,play_on,12.1675,-16.022,right,8,4141,6.6526,-11.6806,true
Dribble,right,8,4141,play_on,6.6526,-11.6806,right,8,4145,4.4545,-12.8096,true
Dribble,right,8,4145,play_on,4.4545,-12.8096,right,8,4149,2.2121,-13.2818,true
Dribble,right,8,4150,play_on,1.5763,-13.6385,right,8,4152,1.5619,-13.5272,true
Pass,right,8,4153,play_on,1.2203,-12.7482,right,7,4157,-2.329,-3.5186,true
Dribble,right,7,4159,play_on,-2.1071,-3.432,right,7,4165,-4.5686,-5.7063,true
Dribble,right,7,4165,play_on,-4.5686,-5.7063,right,7,4168,-5.4338,-5.8858,true
Pass,right,7,4168,play_on,-5.4338,-5.8858,right,10,4172,-12.5536,-11.5127,true
Dribble,right,10,4175,play_on,-13.2626,-11.2672,right,10,4180,-14.7779,-13.1418,true
Dribble,right,10,4180,play_on,-14.7779,-13.1418,right,10,4184,-17.0052,-14.2653,true
Dribble,right,10,4184,play_on,-17.0052,-14.2653,right,10,4187,-18.6948,-15.3558,true
Dribble,right,10,4188,play_on,-18.6688,-14.6888,right,10,4193,-20.4751,-16.5025,true
Dribble,right,10,4193,play_on,-20.4751,-16.5025,right,10,4196,-22.1549,-17.3131,true
Dribble,right,10,4196,play_on,-22.1549,-17.3131,right,10,4198,-23.4704,-18.8322,true
Dribble,right,10,4198,play_on,-23.4704,-18.8322,right,10,4202,-25.218,-19.5759,true
MultiTouch,right,10,4208,play_on,-25.2069,-20.1328,neutral,-1,4209,-26.0476,-19.9538,false
Dribble,right,8,4218,play_on,-12.473,-14.9232,right,8,4227,-18.0156,-12.845,true
Pass,right,8,4227,play_on,-18.0156,-12.845,right,7,4229,-20.7142,-8.5689,true
Dribble,right,7,4229,play_on,-20.7142,-8.5689,right,7,4231,-20.9267,-8.0586,true
Dribble,right,7,4231,play_on,-20.9267,-8.0586,right,7,4235,-23.7329,-8.0932,true
Dribble,right,7,4235,play_on,-23.7329,-8.0932,right,7,4239,-26.7022,-9.0151,true
Pass,right,7,4239,play_on,-26.7022,-9.0151,right,10,4242,-33.4781,-12.1447,true
Pass,right,10,4244,play_on,-32.6169,-12.8089,right,11,4249,-29.0658,-22.9221,true
Dribble,right,11,4250,play_on,-29.946,-23.3593,right,11,4266,-37.7793,-30.2347,true
Dribble,right,11,4266,play_on,-37.7793,-30.2347,right,11,4268,-38.4845,-30.2453,true
Pass,right,11,4272,play_on,-39.5112,-29.3252,right,8,4277,-37.0552,-18.2559,true
Pass,right,8,4277,play_on,-37.0552,-18.2559,right,7,4283,-34.975,-4.1799,true
Pass,right,7,4283,play_on,-34.975,-4.1799,right,6,4288,-40.5316,4.776,true
Shoot,right,6,4289,play_on,-41.3232,4.8444,neutral,-1,4296,-53.5667,-6.437,true
Interception,right,6,4289,play_on,-41.3232,4.8444,left,11,4298,0,0,true
Pass,left,11,4298,kick_off_l,0,0,left,6,4301,-5.7825,0.1725,true
Pass,left,6,4302,play_on,-5.4382,0.071,left,11,4305,0.2732,0.7672,true
Dribble,left,11,4307,play_on,1.5426,0.8364,left,11,4313,4.5743,2.3827,true
Dribble,left,11,4313,play_on,4.5743,2.3827,left,11,4319,7.9194,5.3186,true
Pass,left,11,4319,play_on,7.9194,5.3186,left,8,4326,3.2573,12.7908,true
Dribble,left,8,4326,play_on,3.2573,12.7908,left,8,4330,4.857,11.035,true
Dribble,left,8,4330,play_on,4.857,11.035,left,8,4334,6.9002,9.2286,true
Pass,left,8,4334,play_on,6.9002,9.2286,left,11,4339,16.4406,1.9688,true
Pass,left,11,4342,play_on,16.5862,0.9681,left,8,4349,10.142,10.1393,true
Dribble,left,8,4353,play_on,9.3844,10.4929,left,8,4360,11.5522,14.4889,true
Pass,left,8,4360,play_on,11.5522,14.4889,left,10,4369,19.6787,29.0516,true
Pass,left,10,4371,play_on,19.7183,28.4301,left,8,4376,13.652,17.8078,true
Pass,left,8,4377,play_on,13.9237,17.6228,left,6,4384,3.7723,12.4143,true
Dribble,left,6,4384,play_on,3.7723,12.4143,left,6,4390,3.9093,16.136,true
Pass,left,6,4390,play_on,3.9093,16.136,left,5,4395,0.5538,26.2257,true
MultiTouch,left,5,4395,play_on,0.5538,26.2257,neutral,-1,4396,1.0372,26.6744,false
Pass,left,5,4397,play_on,0.5373,26.7486,left,6,4402,-0.1295,15.4654,true
Pass,left,6,4404,play_on,-0.5472,15.632,left,5,4410,-0.47,26.3772,true
Pass,left,5,4411,play_on,-0.8058,25.9662,left,3,4419,-8.4339,22.3227,true
Dribble,left,3,4419,play_on,-8.4339,22.3227,left,3,4425,-5.5864,19.6752,true
Pass,left,3,4425,play_on,-5.5864,19.6752,left,8,4430,2.5724,17.2437,true
Dribble,left,8,4432,play_on,2.1052,17.2041,left,8,4438,4.022,20.6636,true
Pass,left,8,4438,play_on,4.022,20.6636,left,10,4445,13.0229,27.4976,true
Dribble,left,10,4447,play_on,13.9862,28.1949,left,10,4451,15.7256,29.654,true
Dribble,left,10,4451,play_on,15.7256,29.654,left,10,4455,17.8154,31.4851,true
Dribble,left,10,4455,play_on,17.8154,31.4851,left,10,4460,14.7028,32.6319,true
Pass,left,10,4465,play_on,14.5201,31.2983,left,8,4472,10.2684,21.1143,true
Pass,left,8,4472,play_on,10.2684,21.1143,left,10,4500,43.4334,27.0436,true
Dribble,left,10,4500,play_on,43.4334,27.0436,left,10,4506,47.8743,26.3378,true
Interception,left,10,4506,play_on,47.8743,26.3378,right,2,4510,49.6874,24.6998,true
MultiTouch,right,2,4511,play_on,49.2458,23.4933,neutral,-1,4512,49.2638,23.539,false
OutOfBounds,right,2,4512,play_on,49.2638,23.539,neutral,-1,4527,37.7846,34,false
Interception,left,10,4551,kick_in_l,37.7846,34,right,2,4556,42.2738,25.5744,true
Dribble,right,2,4556,play_on,42.2738,25.5744,right,2,4562,38.5018,25.7466,true
Dribble,right,2,4562,play_on,38.5018,25.7466,right,2,4568,33.3192,26.0297,true
Pass,right,2,4568,play_on,33.3192,26.0297,right,9,4572,24.1329,28.8394,true
Dribble,right,9,4572,play_on,24.1329,28.8394,right,9,4575,22.8175,28.185,true
Dribble,right,9,4575,play_on,22.8175,28.185,right,9,4577,21.9421,27.7223,true
Pass,right,9,4577,play_on,21.9421,27.7223,right,7,4586,7.7609,16.4482,true
MultiTouch,right,7,4587,play_on,7.6139,16.8065,neutral,-1,4588,7.2369,17.5932,false
OutOfBounds,right,7,4588,play_on,7.2369,17.5932,neutral,-1,4606,-12.7357,34,false
Pass,left,5,4673,kick_in_l,-12.7357,34,left,3,4678,-12.993,28.8174,true
Dribble,left,3,4678,play_on,-12.993,28.8174,left,3,4682,-11.616,27.2193,true
Dribble,left,3,4682,play_on,-11.616,27.2193,left,3,4689,-10.0519,23.0582,true
Dribble,left,3,4690,play_on,-10.9894,22.7444,left,3,4692,-11.4911,23.0801,true
MultiTouch,left,3,4695,play_on,-11.4545,23.2553,neutral,-1,4696,-10.6622,22.5618,false
Pass,left,1,4718,play_on,-35.6538,14.5406,left,3,4721,-29.8484,15.4523,true
Dribble,left,3,4722,play_on,-29.2215,14.9116,left,3,4727,-26.694,14.355,true
Dribble,left,3,4727,play_on,-26.694,14.355,left,3,4734,-23.1691,11.8081,true
Dribble,left,3,4734,play_on,-23.1691,11.8081,left,3,4738,-20.7091,9.855,true
Dribble,left,3,4738,play_on,-20.7091,9.855,left,3,4742,-18.4282,8.1351,true
Dribble,left,3,4742,play_on,-18.4282,8.1351,left,3,4746,-15.9739,6.5826,true
Pass,left,3,4746,play_on,-15.9739,6.5826,left,11,4752,-3.1509,2.1226,true
Pass,left,11,4755,play_on,-3.6697,2.1596,left,3,4761,-13.3551,5.6674,true
Dribble,left,3,4763,play_on,-13.0216,5.6973,left,3,4770,-9.132,7.3093,true
Dribble,left,3,4770,play_on,-9.132,7.3093,left,3,4775,-6.2278,7.154,true
Dribble,left,3,4775,play_on,-6.2278,7.154,left,3,4779,-3.3255,7.0545,true
Dribble,left,3,4779,play_on,-3.3255,7.0545,left,3,4782,-1.4167,7.0045,true
Dribble,left,3,4782,play_on,-1.4167,7.0045,left,3,4785,0.4223,6.732,true
Pass,left,3,4785,play_on,0.4223,6.732,left,11,4788,3.3176,2.9102,true
Dribble,left,11,4788,play_on,3.3176,2.9102,left,11,4793,3.6101,-0.1105,true
Dribble,left,11,4793,play_on,3.6101,-0.1105,left,11,4808,11.1111,-10.3888,true
Pass,left,11,4808,play_on,11.1111,-10.3888,left,9,4826,26.1003,-28.5185,false
Interception,left,9,4826,play_on,26.1003,-28.5185,right,5,4921,24.4997,-28.9896,true
Pass,right,5,4923,play_on,24.4172,-29.2041,right,11,4934,0.1558,-33.1879,true
Dribble,right,11,4935,play_on,0.6661,-32.2679,right,11,4939,-1.0399,-31.9677,true
Dribble,right,11,4939,play_on,-1.0399,-31.9677,right,11,4946,-6.6227,-30.6424,true
Dribble,right,11,4946,play_on,-6.6227,-30.6424,right,11,4950,-9.3907,-30.2768,true
Pass,right,11,4952,play_on,-9.282,-30.8126,right,7,4956,-4.119,-21.8827,true
Pass,right,7,4956,play_on,-4.119,-21.8827,right,10,4960,-8.2168,-13.2291,true
Dribble,right,10,4960,play_on,-8.2168,-13.2291,right,10,4962,-8.0736,-12.6997,true
Dribble,right,10,4965,play_on,-9.6707,-12.6093,right,10,4967,-10.6538,-12.673,true
Interception,right,10,4967,play_on,-10.6538,-12.673,left,11,4972,-12.3248,-14.8952,true
Pass,left,11,4972,play_on,-12.3248,-14.8952,left,6,4977,-17.8027,-7.8012,true
Dribble,left,6,4977,play_on,-17.8027,-7.8012,left,6,4983,-16.5634,-4.7538,true
Pass,left,6,4985,play_on,-15.2555,-4.5973,left,11,4989,-8.1266,-8.1276,true
Dribble,left,11,4991,play_on,-7.2718,-7.7402,left,11,4996,-8.3673,-5.1696,true
Dribble,left,11,4996,play_on,-8.3673,-5.1696,left,11,5000,-7.3037,-3.9268,true
Pass,left,11,5001,play_on,-7.7527,-3.2424,left,3,5010,-17.8737,9.3706,true
Pass,left,3,5010,play_on,-17.8737,9.3706,left,6,5015,-23.0873,3.7941,true
MultiTouch,left,6,5017,play_on,-23.5815,4.4957,neutral,-1,5020,-22.6466,9.252,false
Pass,left,1,5129,free_kick_l,-43.3541,-9.2719,left,6,5132,-40.8079,-3.5324,true
OutOfBounds,left,6,5132,play_on,-40.8079,-3.5324,neutral,-1,5151,-29.1331,-34,false
Pass,right,11,5244,kick_in_r,-29.1331,-34,right,8,5248,-25.7545,-24.7231,true
Dribble,right,8,5248,play_on,-25.7545,-24.7231,right,8,5251,-26.6202,-25.1079,true
Dribble,right,8,5253,play_on,-26.6397,-24.4797,right,8,5256,-27.6746,-25.1368,true
Dribble,right,8,5256,play_on,-27.6746,-25.1368,right,8,5258,-28.6427,-26.6206,true
Pass,right,8,5259,play_on,-27.5171,-27.2064,right,5,5260,-28.3407,-28.7194,true
OutOfBounds,right,5,5261,play_on,-28.3893,-28.442,neutral,-1,5276,-47,-9.16,false
Pass,left,2,5306,goal_kick_l,-47,-9.16,left,3,5333,-42.4306,16.3535,true
Pass,left,3,5333,goal_kick_l,-42.4306,16.3535,left,5,5335,-40.7164,20.35,true
MultiTouch,left,5,5337,play_on,-42.0505,20.1519,neutral,-1,5338,-42.0967,20.1674,false
OutOfBounds,left,3,5341,play_on,-42.118,15.9541,neutral,-1,5351,-26.4845,34,false
Pass,right,6,5444,kick_in_r,-26.4845,34,right,9,5447,-29.1483,27.6086,true
Dribble,right,9,5448,play_on,-30.0448,28.0138,right,9,5451,-29.9554,26.9137,true
Pass,right,9,5451,play_on,-29.9554,26.9137,right,10,5453,-29.0175,26.8449,true
Pass,right,10,5454,play_on,-27.9607,26.1627,right,3,5464,-12.4562,10.296,true
Dribble,right,3,5466,play_on,-12.1482,11.0824,right,3,5468,-12.5719,11.8896,true
Dribble,right,3,5468,play_on,-12.5719,11.8896,right,3,5471,-15.0428,12.2556,true
Pass,right,3,5471,play_on,-15.0428,12.2556,right,2,5477,-19.5091,24.3662,true
Dribble,right,2,5477,play_on,-19.5091,24.3662,right,2,5480,-19.6493,24.0765,true
Dribble,right,2,5480,play_on,-19.6493,24.0765,right,2,5482,-21.4703,23.6415,true
Interception,right,2,5482,play_on,-21.4703,23.6415,left,10,5483,-20.9643,23.7421,true
Interception,left,10,5483,play_on,-20.9643,23.7421,right,2,5507,-3.2459,30.1983,true
Dribble,right,2,5508,play_on,-4.1351,29.6696,right,2,5512,-4.277,29.0231,true
Dribble,right,2,5512,play_on,-4.277,29.0231,right,2,5517,-8.2094,29.6472,true
Dribble,right,2,5517,play_on,-8.2094,29.6472,right,2,5520,-10.6583,29.7983,true
MultiTouch,right,2,5521,play_on,-10.5485,31.3742,neutral,-1,5522,-11.2848,31.0787,false
Dribble,right,9,5528,play_on,-19.8528,30.5129,right,9,5532,-21.7745,30.7012,true
Dribble,right,9,5532,play_on,-21.7745,30.7012,right,9,5536,-24.6307,30.6489,true
Dribble,right,9,5537,play_on,-25.2901,29.6934,right,9,5539,-25.3728,29.5945,true
OutOfBounds,right,9,5544,play_on,-25.5483,30.4009,neutral,-1,5571,-47,9.16,false
Pass,left,3,5614,goal_kick_l,-47,9.16,left,4,5635,-41.1839,-20.9322,false
OutOfBounds,left,4,5635,play_on,-41.1839,-20.9322,neutral,-1,5642,-32.9041,-34,false
Pass,right,11,5735,kick_in_r,-32.9041,-34,right,8,5739,-29.8612,-24.7149,true
Pass,right,8,5740,play_on,-29.5811,-25.159,right,5,5749,-33.358,-28.2834,true
MultiTouch,right,5,5749,play_on,-33.358,-28.2834,neutral,-1,5750,-33.5432,-29.3165,false
OutOfBounds,right,5,5750,play_on,-33.5432,-29.3165,neutral,-1,5759,-47,-9.16,false
Pass,left,2,5781,goal_kick_l,-47,-9.16,left,3,5811,-43.7293,14.9197,true
Interception,left,3,5811,goal_kick_l,-43.7293,14.9197,right,9,5814,-41.8735,20.4783,true
OutOfBounds,right,9,5814,play_on,-41.8735,20.4783,neutral,-1,5820,-48.609,34,false
MultiTouch,left,5,5848,kick_in_l,-48.609,34,neutral,-1,5852,-41.0602,29.9864,false
MultiTouch,left,5,5866,play_on,-46.2649,33.2564,neutral,-1,5867,-46.1672,32.4226,false
Pass,left,1,5975,free_kick_l,-43.379,-9.3367,left,7,5981,-37.6503,-11.3685,true
Interception,left,7,5984,play_on,-37.773,-11.8598,right,5,5992,-20.1101,-19.9578,true
Dribble,right,5,5992,play_on,-20.1101,-19.9578,right,5,5997,-22.3527,-21.8654,true
